{"val_acc": 0.9310999512672424, "best_acc": 0.9310999512672424, "loss": 0.23153595626354218, "_timestamp": 1725844847.5334897, "_runtime": 818.1482827663422, "_step": 18}