{"val_acc": 0.883899986743927, "best_acc": 0.8944000005722046, "loss": 0.428608775138855, "_timestamp": 1725852757.2258427, "_runtime": 5485.426154613495, "_step": 94}