{"val_acc": 0.9186999797821045, "best_acc": 0.9186999797821045, "loss": 0.3681280314922333, "_timestamp": 1725929081.0046353, "_runtime": 1066.3549032211304, "_step": 24}