{"val_acc": 0.0908999964594841, "best_acc": 0.0908999964594841, "loss": 2.2950518131256104, "_timestamp": 1725927286.6220922, "_runtime": 65.2403392791748, "_step": 0, "_wandb": {"runtime": 93}}