{"val_acc": 0.8180999755859375, "best_acc": 0.8695999979972839, "loss": 0.5978334546089172, "_timestamp": 1725927162.1699855, "_runtime": 1439.542724609375, "_step": 33}