{"val_acc": 0.1087999939918518, "best_acc": 0.1087999939918518, "loss": 2.2981057167053223, "_timestamp": 1725843911.9577718, "_runtime": 166.43447971343994, "_step": 0, "_wandb": {"runtime": 171}}