{"val_acc": 0.7439999580383301, "best_acc": 0.9009999632835388, "loss": 1.600153923034668, "_timestamp": 1725932905.2559543, "_runtime": 3560.2732582092285, "_step": 73}