{"val_acc": 0.09939999878406525, "best_acc": 0.09939999878406525, "loss": 2.3025834560394287, "_timestamp": 1725855119.2443497, "_runtime": 178.81586360931396, "_step": 0}