{"val_acc": 0.6575999855995178, "best_acc": 0.7432999610900879, "loss": 1.1744136810302734, "_timestamp": 1725846193.6091275, "_runtime": 888.0389485359192, "_step": 14}