{"val_acc": 0.9473999738693237, "best_acc": 0.9479999542236328, "loss": 0.19005781412124634, "_timestamp": 1725847264.142738, "_runtime": 990.7356531620026, "_step": 500, "_wandb": {"runtime": 990}}