{"val_acc": 0.5005999803543091, "best_acc": 0.5925999879837036, "loss": 1.4854134321212769, "_timestamp": 1725925552.2769768, "_runtime": 70303.95921278, "_step": 373}